"date","series_id","value","realtime_start","realtime_end"
2025-01-01,"DGS7",NA,2025-08-25,2025-08-25
2025-01-02,"DGS7",4.47,2025-08-25,2025-08-25
2025-01-03,"DGS7",4.51,2025-08-25,2025-08-25
2025-01-06,"DGS7",4.52,2025-08-25,2025-08-25
2025-01-07,"DGS7",4.57,2025-08-25,2025-08-25
2025-01-08,"DGS7",4.56,2025-08-25,2025-08-25
2025-01-09,"DGS7",4.57,2025-08-25,2025-08-25
2025-01-10,"DGS7",4.7,2025-08-25,2025-08-25
2025-01-13,"DGS7",4.71,2025-08-25,2025-08-25
2025-01-14,"DGS7",4.7,2025-08-25,2025-08-25
2025-01-15,"DGS7",4.55,2025-08-25,2025-08-25
2025-01-16,"DGS7",4.5,2025-08-25,2025-08-25
2025-01-17,"DGS7",4.52,2025-08-25,2025-08-25
2025-01-20,"DGS7",NA,2025-08-25,2025-08-25
2025-01-21,"DGS7",4.49,2025-08-25,2025-08-25
2025-01-22,"DGS7",4.51,2025-08-25,2025-08-25
2025-01-23,"DGS7",4.55,2025-08-25,2025-08-25
2025-01-24,"DGS7",4.53,2025-08-25,2025-08-25
2025-01-27,"DGS7",4.43,2025-08-25,2025-08-25
2025-01-28,"DGS7",4.43,2025-08-25,2025-08-25
2025-01-29,"DGS7",4.44,2025-08-25,2025-08-25
2025-01-30,"DGS7",4.41,2025-08-25,2025-08-25
2025-01-31,"DGS7",4.47,2025-08-25,2025-08-25
2025-02-03,"DGS7",4.45,2025-08-25,2025-08-25
2025-02-04,"DGS7",4.42,2025-08-25,2025-08-25
2025-02-05,"DGS7",4.33,2025-08-25,2025-08-25
2025-02-06,"DGS7",4.36,2025-08-25,2025-08-25
2025-02-07,"DGS7",4.42,2025-08-25,2025-08-25
2025-02-10,"DGS7",4.42,2025-08-25,2025-08-25
2025-02-11,"DGS7",4.45,2025-08-25,2025-08-25
2025-02-12,"DGS7",4.56,2025-08-25,2025-08-25
2025-02-13,"DGS7",4.46,2025-08-25,2025-08-25
2025-02-14,"DGS7",4.41,2025-08-25,2025-08-25
2025-02-17,"DGS7",NA,2025-08-25,2025-08-25
2025-02-18,"DGS7",4.48,2025-08-25,2025-08-25
2025-02-19,"DGS7",4.46,2025-08-25,2025-08-25
2025-02-20,"DGS7",4.43,2025-08-25,2025-08-25
2025-02-21,"DGS7",4.35,2025-08-25,2025-08-25
2025-02-24,"DGS7",4.32,2025-08-25,2025-08-25
2025-02-25,"DGS7",4.21,2025-08-25,2025-08-25
2025-02-26,"DGS7",4.16,2025-08-25,2025-08-25
2025-02-27,"DGS7",4.19,2025-08-25,2025-08-25
2025-02-28,"DGS7",4.14,2025-08-25,2025-08-25
2025-03-03,"DGS7",4.06,2025-08-25,2025-08-25
2025-03-04,"DGS7",4.11,2025-08-25,2025-08-25
2025-03-05,"DGS7",4.18,2025-08-25,2025-08-25
2025-03-06,"DGS7",4.18,2025-08-25,2025-08-25
2025-03-07,"DGS7",4.21,2025-08-25,2025-08-25
2025-03-10,"DGS7",4.1,2025-08-25,2025-08-25
2025-03-11,"DGS7",4.16,2025-08-25,2025-08-25
2025-03-12,"DGS7",4.2,2025-08-25,2025-08-25
2025-03-13,"DGS7",4.15,2025-08-25,2025-08-25
2025-03-14,"DGS7",4.2,2025-08-25,2025-08-25
2025-03-17,"DGS7",4.21,2025-08-25,2025-08-25
2025-03-18,"DGS7",4.18,2025-08-25,2025-08-25
2025-03-19,"DGS7",4.14,2025-08-25,2025-08-25
2025-03-20,"DGS7",4.12,2025-08-25,2025-08-25
2025-03-21,"DGS7",4.12,2025-08-25,2025-08-25
2025-03-24,"DGS7",4.22,2025-08-25,2025-08-25
2025-03-25,"DGS7",4.19,2025-08-25,2025-08-25
2025-03-26,"DGS7",4.22,2025-08-25,2025-08-25
2025-03-27,"DGS7",4.23,2025-08-25,2025-08-25
2025-03-28,"DGS7",4.11,2025-08-25,2025-08-25
2025-03-31,"DGS7",4.09,2025-08-25,2025-08-25
2025-04-01,"DGS7",4.03,2025-08-25,2025-08-25
2025-04-02,"DGS7",4.07,2025-08-25,2025-08-25
2025-04-03,"DGS7",3.88,2025-08-25,2025-08-25
2025-04-04,"DGS7",3.84,2025-08-25,2025-08-25
2025-04-07,"DGS7",3.97,2025-08-25,2025-08-25
2025-04-08,"DGS7",4.05,2025-08-25,2025-08-25
2025-04-09,"DGS7",4.2,2025-08-25,2025-08-25
2025-04-10,"DGS7",4.21,2025-08-25,2025-08-25
2025-04-11,"DGS7",4.32,2025-08-25,2025-08-25
2025-04-14,"DGS7",4.2,2025-08-25,2025-08-25
2025-04-15,"DGS7",4.15,2025-08-25,2025-08-25
2025-04-16,"DGS7",4.08,2025-08-25,2025-08-25
2025-04-17,"DGS7",4.13,2025-08-25,2025-08-25
2025-04-18,"DGS7",NA,2025-08-25,2025-08-25
2025-04-21,"DGS7",4.19,2025-08-25,2025-08-25
2025-04-22,"DGS7",4.19,2025-08-25,2025-08-25
2025-04-23,"DGS7",4.2,2025-08-25,2025-08-25
2025-04-24,"DGS7",4.11,2025-08-25,2025-08-25
2025-04-25,"DGS7",4.06,2025-08-25,2025-08-25
2025-04-28,"DGS7",4.01,2025-08-25,2025-08-25
2025-04-29,"DGS7",3.96,2025-08-25,2025-08-25
2025-04-30,"DGS7",3.93,2025-08-25,2025-08-25
2025-05-01,"DGS7",4.02,2025-08-25,2025-08-25
2025-05-02,"DGS7",4.11,2025-08-25,2025-08-25
2025-05-05,"DGS7",4.14,2025-08-25,2025-08-25
2025-05-06,"DGS7",4.1,2025-08-25,2025-08-25
2025-05-07,"DGS7",4.06,2025-08-25,2025-08-25
2025-05-08,"DGS7",4.18,2025-08-25,2025-08-25
2025-05-09,"DGS7",4.18,2025-08-25,2025-08-25
2025-05-12,"DGS7",4.27,2025-08-25,2025-08-25
2025-05-13,"DGS7",4.3,2025-08-25,2025-08-25
2025-05-14,"DGS7",4.35,2025-08-25,2025-08-25
2025-05-15,"DGS7",4.25,2025-08-25,2025-08-25
2025-05-16,"DGS7",4.24,2025-08-25,2025-08-25
2025-05-19,"DGS7",4.26,2025-08-25,2025-08-25
2025-05-20,"DGS7",4.27,2025-08-25,2025-08-25
2025-05-21,"DGS7",4.37,2025-08-25,2025-08-25
2025-05-22,"DGS7",4.32,2025-08-25,2025-08-25
2025-05-23,"DGS7",4.29,2025-08-25,2025-08-25
2025-05-26,"DGS7",NA,2025-08-25,2025-08-25
2025-05-27,"DGS7",4.22,2025-08-25,2025-08-25
2025-05-28,"DGS7",4.27,2025-08-25,2025-08-25
2025-05-29,"DGS7",4.2,2025-08-25,2025-08-25
2025-05-30,"DGS7",4.18,2025-08-25,2025-08-25
2025-06-02,"DGS7",4.22,2025-08-25,2025-08-25
2025-06-03,"DGS7",4.23,2025-08-25,2025-08-25
2025-06-04,"DGS7",4.14,2025-08-25,2025-08-25
2025-06-05,"DGS7",4.18,2025-08-25,2025-08-25
2025-06-06,"DGS7",4.31,2025-08-25,2025-08-25
2025-06-09,"DGS7",4.28,2025-08-25,2025-08-25
2025-06-10,"DGS7",4.27,2025-08-25,2025-08-25
2025-06-11,"DGS7",4.21,2025-08-25,2025-08-25
2025-06-12,"DGS7",4.15,2025-08-25,2025-08-25
2025-06-13,"DGS7",4.2,2025-08-25,2025-08-25
2025-06-16,"DGS7",4.23,2025-08-25,2025-08-25
2025-06-17,"DGS7",4.17,2025-08-25,2025-08-25
2025-06-18,"DGS7",4.17,2025-08-25,2025-08-25
2025-06-19,"DGS7",NA,2025-08-25,2025-08-25
2025-06-20,"DGS7",4.16,2025-08-25,2025-08-25
2025-06-23,"DGS7",4.1,2025-08-25,2025-08-25
2025-06-24,"DGS7",4.06,2025-08-25,2025-08-25
2025-06-25,"DGS7",4.05,2025-08-25,2025-08-25
2025-06-26,"DGS7",4,2025-08-25,2025-08-25
2025-06-27,"DGS7",4.03,2025-08-25,2025-08-25
2025-06-30,"DGS7",3.98,2025-08-25,2025-08-25
2025-07-01,"DGS7",4.03,2025-08-25,2025-08-25
2025-07-02,"DGS7",4.06,2025-08-25,2025-08-25
2025-07-03,"DGS7",4.12,2025-08-25,2025-08-25
2025-07-04,"DGS7",NA,2025-08-25,2025-08-25
2025-07-07,"DGS7",4.16,2025-08-25,2025-08-25
2025-07-08,"DGS7",4.18,2025-08-25,2025-08-25
2025-07-09,"DGS7",4.11,2025-08-25,2025-08-25
2025-07-10,"DGS7",4.12,2025-08-25,2025-08-25
2025-07-11,"DGS7",4.19,2025-08-25,2025-08-25
2025-07-14,"DGS7",4.19,2025-08-25,2025-08-25
2025-07-15,"DGS7",4.26,2025-08-25,2025-08-25
2025-07-16,"DGS7",4.21,2025-08-25,2025-08-25
2025-07-17,"DGS7",4.22,2025-08-25,2025-08-25
2025-07-18,"DGS7",4.18,2025-08-25,2025-08-25
2025-07-21,"DGS7",4.13,2025-08-25,2025-08-25
2025-07-22,"DGS7",4.09,2025-08-25,2025-08-25
2025-07-23,"DGS7",4.15,2025-08-25,2025-08-25
2025-07-24,"DGS7",4.18,2025-08-25,2025-08-25
2025-07-25,"DGS7",4.15,2025-08-25,2025-08-25
2025-07-28,"DGS7",4.18,2025-08-25,2025-08-25
2025-07-29,"DGS7",4.1,2025-08-25,2025-08-25
2025-07-30,"DGS7",4.15,2025-08-25,2025-08-25
2025-07-31,"DGS7",4.14,2025-08-25,2025-08-25
2025-08-01,"DGS7",3.97,2025-08-25,2025-08-25
2025-08-04,"DGS7",3.95,2025-08-25,2025-08-25
2025-08-05,"DGS7",3.97,2025-08-25,2025-08-25
2025-08-06,"DGS7",3.97,2025-08-25,2025-08-25
2025-08-07,"DGS7",3.99,2025-08-25,2025-08-25
2025-08-08,"DGS7",4.03,2025-08-25,2025-08-25
2025-08-11,"DGS7",4.03,2025-08-25,2025-08-25
2025-08-12,"DGS7",4.03,2025-08-25,2025-08-25
2025-08-13,"DGS7",3.98,2025-08-25,2025-08-25
2025-08-14,"DGS7",4.03,2025-08-25,2025-08-25
2025-08-15,"DGS7",4.07,2025-08-25,2025-08-25
2025-08-18,"DGS7",4.07,2025-08-25,2025-08-25
2025-08-19,"DGS7",4.04,2025-08-25,2025-08-25
2025-08-20,"DGS7",4.02,2025-08-25,2025-08-25
2025-08-21,"DGS7",4.07,2025-08-25,2025-08-25
2025-08-22,"DGS7",3.98,2025-08-25,2025-08-25
